{
  "name": "angular-hammer",
  "version": "1.1.3",
  "main": "angular-hammer.js",
  "ignore": [
    "**/.*",
    "node_modules",
    "components"
  ],
  "dependencies": {
    "angular": ">=1.0.6",
    "hammerjs": ">=1.0.5"
  },
  "homepage": "https://github.com/monospaced/angular-hammer",
  "_release": "1.1.3",
  "_resolution": {
    "type": "version",
    "tag": "v1.1.3",
    "commit": "a919a2c1e1de3599479891d70c57dbf349797921"
  },
  "_source": "git://github.com/monospaced/angular-hammer.git",
  "_target": "~1.x",
  "_originalSource": "angular-hammer"
}